professionName,strategyName,mean,std,count_nonzero
Business Manager,"ZeroBDT, 0.3PRT, 0.4ROIT",35.02549889135255,13.402105849633145,902
Business Manager,"ZeroBDT, 0.0PRT, 0.4ROIT",35.090407938258,13.622171681212635,907
Business Manager,"ZeroBDT, -1.0PRT, 0.2ROIT",35.146726862302486,13.653538913691364,886
Business Manager,"ZeroBDT, -0.3PRT, 0.2ROIT",35.146726862302486,13.653538913691364,886
Business Manager,"ZeroBDT, 0.0PRT, 0.2ROIT",35.25678733031674,13.839097588233335,884
Business Manager,"ZeroBDT, 0.3PRT, 0.2ROIT",35.28361581920904,13.819530593514704,885
Business Manager,"ZeroBDT, -0.3PRT, 0.4ROIT",35.38864628820961,13.870345846559353,916
Airline Pilot,"ZeroBDT, 0.0PRT, 0.2ROIT",35.458888888888886,12.573498220303819,900
Airline Pilot,"ZeroBDT, 0.3PRT, 0.2ROIT",35.46881959910913,12.521180581462566,898
Airline Pilot,"ZeroBDT, -0.3PRT, 0.2ROIT",35.517203107658155,12.630517863572933,901
Airline Pilot,"ZeroBDT, -1.0PRT, 0.2ROIT",35.517203107658155,12.630517863572933,901
Business Manager,"ZeroBDT, -1.0PRT, 0.4ROIT",35.67969598262758,14.070340000638225,921
Airline Pilot,"ZeroBDT, 0.3PRT, 0.4ROIT",35.74724061810154,12.733351956413768,906
Business Manager,"ZeroBDT, 0.6PRT, 0.4ROIT",35.91531322505801,14.316191213243735,862
Airline Pilot,"ZeroBDT, 0.0PRT, 0.4ROIT",35.92156862745098,12.746601443310645,918
Airline Pilot,"ZeroBDT, 0.6PRT, 0.4ROIT",35.93142857142857,13.08744947532579,875
Airline Pilot,"ZeroBDT, -1.0PRT, 0.4ROIT",35.96145610278373,12.886952299552998,934
Engineer,"ZeroBDT, 0.3PRT, 0.4ROIT",35.99663677130045,13.913109786000375,892
Airline Pilot,"ZeroBDT, -0.3PRT, 0.4ROIT",36.0075349838536,12.959857919775525,929
Engineer,"ZeroBDT, 0.0PRT, 0.4ROIT",36.07382550335571,13.99828527000046,894
Airline Pilot,"ZeroBDT, 0.6PRT, 0.8ROIT",36.15367231638418,13.210748253501345,885
Airline Pilot,"ZeroBDT, 0.6PRT, 0.5ROIT",36.15367231638418,13.210748253501345,885
Airline Pilot,"ZeroBDT, 0.6PRT, 0.2ROIT",36.1894374282434,13.2997166517367,871
Airline Pilot,"ZeroBDT, 0.3PRT, 0.5ROIT",36.22282608695652,12.938597799051863,920
Engineer,"ZeroBDT, -0.3PRT, 0.2ROIT",36.34988713318285,14.042370708982503,886
Engineer,"ZeroBDT, -1.0PRT, 0.2ROIT",36.34988713318285,14.042370708982503,886
Business Manager,"ZeroBDT, 0.6PRT, 0.2ROIT",36.39787485242031,14.653883701433799,847
Engineer,"ZeroBDT, 0.0PRT, 0.2ROIT",36.410633484162894,14.108459509202929,884
Engineer,"ZeroBDT, 0.3PRT, 0.2ROIT",36.41242937853107,14.088379059398841,885
Business Manager,"ZeroBDT, 0.3PRT, 0.5ROIT",36.47744774477448,14.17833193864919,909
Airline Pilot,"ZeroBDT, 0.3PRT, 0.8ROIT",36.60912052117264,13.330631748444368,921
Engineer,"ZeroBDT, -0.3PRT, 0.4ROIT",36.698689956331876,14.413140574931258,916
Engineer,"ZeroBDT, -1.0PRT, 0.4ROIT",36.84347826086957,14.285959567775137,920
Doctor,"ZeroBDT, 0.3PRT, 0.2ROIT",36.934065934065934,12.014752755676103,910
Doctor,"ZeroBDT, -0.3PRT, 0.2ROIT",36.94091903719912,11.990723396287422,914
Doctor,"ZeroBDT, -1.0PRT, 0.2ROIT",36.94091903719912,11.990723396287422,914
Engineer,"ZeroBDT, 0.6PRT, 0.4ROIT",36.96374269005848,14.540981255017561,855
Doctor,"ZeroBDT, 0.0PRT, 0.2ROIT",36.96608315098468,11.997076523116464,914
Doctor,"ZeroBDT, 0.6PRT, 0.4ROIT",37.139821029082775,12.166055358720422,894
Business Manager,"ZeroBDT, 0.6PRT, 0.5ROIT",37.219907407407405,15.111720589671208,864
Business Manager,"ZeroBDT, 0.6PRT, 0.8ROIT",37.219907407407405,15.111720589671208,864
Lawyer,"ZeroBDT, 0.0PRT, 0.2ROIT",37.225173210161664,14.258598104728247,866
Lawyer,"ZeroBDT, 0.3PRT, 0.4ROIT",37.231818181818184,14.147392057811905,880
Doctor,"ZeroBDT, 0.6PRT, 0.2ROIT",37.25,12.029768600506673,888
Lawyer,"ZeroBDT, -0.3PRT, 0.2ROIT",37.2926267281106,14.347462503508183,868
Lawyer,"ZeroBDT, -1.0PRT, 0.2ROIT",37.2926267281106,14.347462503508183,868
Lawyer,"ZeroBDT, 0.3PRT, 0.2ROIT",37.29316338354577,14.380430666467861,863
Business Manager,"ZeroBDT, 0.3PRT, 0.8ROIT",37.31353135313531,14.72612095178959,909
Engineer,"ZeroBDT, 0.3PRT, 0.5ROIT",37.41130820399113,14.415523936443472,902
Doctor,"ZeroBDT, 0.6PRT, 0.8ROIT",37.46017699115044,12.130545283386647,904
Doctor,"ZeroBDT, 0.6PRT, 0.5ROIT",37.46017699115044,12.130545283386647,904
Lawyer,"ZeroBDT, 0.0PRT, 0.4ROIT",37.492204899777285,14.461051578196756,898
Doctor,"ZeroBDT, 0.3PRT, 0.4ROIT",37.50707290533188,12.181976401555534,919
Engineer,"ZeroBDT, 0.6PRT, 0.2ROIT",37.54641598119859,14.746840801008373,851
Doctor,"ZeroBDT, -0.3PRT, 0.4ROIT",37.57700421940928,12.22299746565419,948
Airline Pilot,"ZeroBDT, 0.0PRT, 0.5ROIT",37.646496815286625,14.027121271987879,942
Doctor,"ZeroBDT, -1.0PRT, 0.4ROIT",37.66211962224554,12.200668226222197,953
Lawyer,"ZeroBDT, 0.6PRT, 0.4ROIT",37.697290930506476,14.570550704793797,849
Doctor,"ZeroBDT, 0.0PRT, 0.4ROIT",37.732047159699896,12.254674670375524,933
Doctor,"ZeroBDT, 0.3PRT, 0.8ROIT",37.85606874328679,12.355344201399415,931
Doctor,"ZeroBDT, 0.3PRT, 0.5ROIT",37.922330097087375,12.41482461248393,927
Engineer,"ZeroBDT, 0.6PRT, 0.8ROIT",37.96842105263158,14.866074551224134,855
Engineer,"ZeroBDT, 0.6PRT, 0.5ROIT",37.96842105263158,14.866074551224134,855
Lawyer,"ZeroBDT, 0.6PRT, 0.2ROIT",37.98802395209581,14.521375967842221,835
Lawyer,"ZeroBDT, 0.3PRT, 0.5ROIT",38.35044642857143,15.070855362743178,896
Lawyer,"ZeroBDT, 0.6PRT, 0.5ROIT",38.36065573770492,14.948403563218626,854
Lawyer,"ZeroBDT, 0.6PRT, 0.8ROIT",38.36065573770492,14.948403563218626,854
Lawyer,"ZeroBDT, -0.3PRT, 0.4ROIT",38.37568455640745,15.748299135296236,913
Engineer,"ZeroBDT, 0.3PRT, 0.8ROIT",38.50832408435072,14.946020933470606,901
Lawyer,"ZeroBDT, -1.0PRT, 0.4ROIT",38.710583153347734,15.813385923396279,926
Lawyer,"ZeroBDT, 0.3PRT, 0.8ROIT",38.73392461197339,15.223971324635091,902
Doctor,"ZeroBDT, 0.0PRT, 0.0ROIT",38.87896592244418,13.052677592784951,851
Doctor,"ZeroBDT, 0.3PRT, 0.0ROIT",38.87896592244418,13.052677592784951,851
Doctor,"ZeroBDT, -1.0PRT, 0.0ROIT",38.94607268464244,13.058981374311577,853
Doctor,"ZeroBDT, -0.3PRT, 0.0ROIT",38.94607268464244,13.058981374311577,853
Doctor,"ZeroBDT, 0.6PRT, 0.0ROIT",39.16463414634146,13.169634959624833,820
Airline Pilot,"ZeroBDT, 0.3PRT, 0.0ROIT",39.27944862155388,14.785911898213223,798
Airline Pilot,"ZeroBDT, 0.0PRT, 0.0ROIT",39.27944862155388,14.785911898213223,798
Doctor,"ZeroBDT, 0.0PRT, 0.5ROIT",39.346875,13.291372170163523,960
Airline Pilot,"ZeroBDT, -0.3PRT, 0.0ROIT",39.38625,15.068290469047067,800
Airline Pilot,"ZeroBDT, -1.0PRT, 0.0ROIT",39.38625,15.068290469047067,800
Business Manager,"ZeroBDT, 0.0PRT, 0.5ROIT",39.44816414686825,15.998750352518659,926
Business Manager,"ZeroBDT, -1.0PRT, 0.0ROIT",40.235370611183356,15.90206018490017,769
Business Manager,"ZeroBDT, -0.3PRT, 0.0ROIT",40.235370611183356,15.90206018490017,769
Business Manager,"ZeroBDT, 0.0PRT, 0.0ROIT",40.3142112125163,16.003886403721328,767
Business Manager,"ZeroBDT, 0.3PRT, 0.0ROIT",40.3142112125163,16.003886403721328,767
Airline Pilot,"ZeroBDT, 0.0PRT, 0.8ROIT",40.465408805031444,15.596343051155428,954
Airline Pilot,"ZeroBDT, 0.6PRT, 0.0ROIT",40.53047989623865,15.880153165967748,771
Engineer,"ZeroBDT, 0.0PRT, 0.5ROIT",40.55048859934853,15.832887562455516,921
Police Officer,"ZeroBDT, -1.0PRT, 0.2ROIT",40.58644859813084,16.407586421168567,856
Police Officer,"ZeroBDT, -0.3PRT, 0.2ROIT",40.58644859813084,16.407586421168567,856
Police Officer,"ZeroBDT, 0.3PRT, 0.2ROIT",40.60981308411215,16.53752343516194,856
Police Officer,"ZeroBDT, 0.0PRT, 0.2ROIT",40.646028037383175,16.55858804385902,856
Police Officer,"ZeroBDT, 0.3PRT, 0.4ROIT",40.6705069124424,17.202899522809467,868
Lawyer,"ZeroBDT, 0.0PRT, 0.5ROIT",40.71739130434783,16.799610135222267,920
Police Officer,"ZeroBDT, 0.0PRT, 0.4ROIT",40.796082949308754,17.228262859491704,868
Business Manager,"ZeroBDT, 0.6PRT, 0.0ROIT",40.93628808864266,16.128517711413394,722
Police Officer,"ZeroBDT, 0.6PRT, 0.2ROIT",41.14323258869908,17.62882611131373,761
Police Officer,"ZeroBDT, 0.6PRT, 0.4ROIT",41.24226804123711,18.30651051501756,776
Engineer,"ZeroBDT, -1.0PRT, 0.0ROIT",41.80181347150259,15.960094426007686,772
Engineer,"ZeroBDT, -0.3PRT, 0.0ROIT",41.80181347150259,15.960094426007686,772
Engineer,"ZeroBDT, 0.0PRT, 0.0ROIT",41.910737386804655,16.091095954444555,773
Engineer,"ZeroBDT, 0.3PRT, 0.0ROIT",41.910737386804655,16.091095954444555,773
Airline Pilot,"ZeroBDT, -0.3PRT, 0.5ROIT",41.912772585669785,18.02535384923183,963
Police Officer,"ZeroBDT, 0.6PRT, 0.5ROIT",41.99870298313878,18.577426558496782,771
Police Officer,"ZeroBDT, 0.6PRT, 0.8ROIT",41.99870298313878,18.577426558496782,771
Nurse,"ZeroBDT, 0.3PRT, 0.4ROIT",42.02240566037736,17.453279658257408,848
Lawyer,"ZeroBDT, 0.3PRT, 0.0ROIT",42.13550135501355,17.046765027903444,738
Lawyer,"ZeroBDT, 0.0PRT, 0.0ROIT",42.13550135501355,17.046765027903444,738
Nurse,"ZeroBDT, 0.0PRT, 0.4ROIT",42.14487632508834,17.455373699945056,849
Lawyer,"ZeroBDT, -1.0PRT, 0.0ROIT",42.201079622132255,17.099985741115535,741
Lawyer,"ZeroBDT, -0.3PRT, 0.0ROIT",42.201079622132255,17.099985741115535,741
Engineer,"ZeroBDT, 0.6PRT, 0.0ROIT",42.342215988779806,16.56611283677311,713
Doctor,"ZeroBDT, 0.0PRT, 0.8ROIT",42.41030927835052,13.947886824170629,970
Nurse,"ZeroBDT, 0.3PRT, 0.2ROIT",42.4921968787515,18.252574873668774,833
Nurse,"ZeroBDT, -0.3PRT, 0.2ROIT",42.50180072028812,18.162006230348062,833
Nurse,"ZeroBDT, -1.0PRT, 0.2ROIT",42.50180072028812,18.162006230348062,833
Nurse,"ZeroBDT, 0.0PRT, 0.2ROIT",42.51980792316927,18.24749466369352,833
Doctor,"ZeroBDT, -0.3PRT, 0.5ROIT",42.53096446700508,14.744066795648651,985
Airline Pilot,"ZeroBDT, -1.0PRT, 0.5ROIT",42.5703933747412,18.805707248866497,966
Nurse,"ZeroBDT, 0.6PRT, 0.4ROIT",42.58055925432756,18.309228134654333,751
Police Officer,"ZeroBDT, 0.3PRT, 0.5ROIT",42.670480549199084,18.208512868748347,874
Nurse,"ZeroBDT, 0.6PRT, 0.2ROIT",42.79483695652174,19.112841442354704,736
Doctor,"ZeroBDT, -1.0PRT, 0.5ROIT",42.84701114488349,14.71472812580327,987
Police Officer,"ZeroBDT, -1.0PRT, 0.4ROIT",43.154017857142854,18.572543726878965,896
Lawyer,"ZeroBDT, 0.0PRT, 0.8ROIT",43.192266380236305,17.78009592478502,931
Police Officer,"ZeroBDT, -0.3PRT, 0.4ROIT",43.19910514541387,18.673734309497924,894
Lawyer,"ZeroBDT, 0.6PRT, 0.0ROIT",43.39557399723375,17.713042983652134,723
Nurse,"ZeroBDT, 0.6PRT, 0.8ROIT",43.44638069705094,18.660238574615995,746
Nurse,"ZeroBDT, 0.6PRT, 0.5ROIT",43.44638069705094,18.660238574615995,746
Business Manager,"ZeroBDT, 0.0PRT, 0.8ROIT",43.46744930629669,18.545429817022885,937
Nurse,"ZeroBDT, 0.3PRT, 0.5ROIT",44.11058823529412,18.378548100376033,850
Police Officer,"ZeroBDT, 0.3PRT, 0.8ROIT",44.3398392652124,18.55985680364575,871
Engineer,"ZeroBDT, 0.0PRT, 0.8ROIT",44.502702702702706,18.355120168782225,925
Nurse,"ZeroBDT, -1.0PRT, 0.4ROIT",44.97374429223744,19.02558866725763,876
Nurse,"ZeroBDT, -0.3PRT, 0.4ROIT",45.00114547537228,19.002202879737702,873
Teacher (K-12),"ZeroBDT, 0.3PRT, 0.4ROIT",45.345238095238095,19.50892589187232,840
Teacher (K-12),"ZeroBDT, -0.3PRT, 0.2ROIT",45.458837772397096,18.605476563709445,826
Teacher (K-12),"ZeroBDT, -1.0PRT, 0.2ROIT",45.458837772397096,18.605476563709445,826
Teacher (K-12),"ZeroBDT, 0.3PRT, 0.2ROIT",45.48907766990291,18.687748883212986,824
Teacher (K-12),"ZeroBDT, 0.0PRT, 0.2ROIT",45.50121359223301,18.67942769951851,824
Teacher (K-12),"ZeroBDT, 0.0PRT, 0.4ROIT",45.54685646500593,19.749767705709658,843
Teacher (K-12),"ZeroBDT, 0.6PRT, 0.2ROIT",45.601115760111576,19.363687690829376,717
Truck Driver,"ZeroBDT, 0.3PRT, 0.4ROIT",46.19130434782609,19.415159843644652,805
Secretary,"ZeroBDT, 0.3PRT, 0.4ROIT",46.19183168316832,19.68686923897755,808
Teacher (K-12),"ZeroBDT, 0.6PRT, 0.4ROIT",46.22237380627558,21.035318760146048,733
Truck Driver,"ZeroBDT, 0.6PRT, 0.4ROIT",46.28730822873082,19.894232007936086,717
Secretary,"ZeroBDT, 0.6PRT, 0.4ROIT",46.30013831258645,20.466710691223422,723
Secretary,"ZeroBDT, 0.0PRT, 0.4ROIT",46.44814814814815,19.80717685360637,810
Truck Driver,"ZeroBDT, 0.0PRT, 0.4ROIT",46.506815365551425,19.522199379927436,807
Police Officer,"ZeroBDT, 0.0PRT, 0.5ROIT",46.511811023622045,18.892599663739713,889
Truck Driver,"ZeroBDT, -1.0PRT, 0.2ROIT",46.581542351453855,19.41383072556587,791
Truck Driver,"ZeroBDT, -0.3PRT, 0.2ROIT",46.581542351453855,19.41383072556587,791
Truck Driver,"ZeroBDT, 0.6PRT, 0.2ROIT",46.59424460431654,19.938723745010662,695
Truck Driver,"ZeroBDT, 0.0PRT, 0.2ROIT",46.61518987341772,19.51772837225374,790
Truck Driver,"ZeroBDT, 0.3PRT, 0.2ROIT",46.6253164556962,19.529675631064855,790
Secretary,"ZeroBDT, 0.0PRT, 0.2ROIT",46.65184243964422,20.04468941074189,787
Secretary,"ZeroBDT, -0.3PRT, 0.2ROIT",46.663291139240506,19.980105296497072,790
Secretary,"ZeroBDT, -1.0PRT, 0.2ROIT",46.663291139240506,19.980105296497072,790
Secretary,"ZeroBDT, 0.3PRT, 0.2ROIT",46.66836086404066,20.05090348378153,787
Secretary,"ZeroBDT, 0.6PRT, 0.2ROIT",46.76361031518625,20.877451941567525,698
Teacher (K-12),"ZeroBDT, 0.6PRT, 0.8ROIT",46.81137309292649,21.195071057672237,721
Teacher (K-12),"ZeroBDT, 0.6PRT, 0.5ROIT",46.81137309292649,21.195071057672237,721
Truck Driver,"ZeroBDT, 0.6PRT, 0.8ROIT",46.857541899441344,20.236969191585462,716
Truck Driver,"ZeroBDT, 0.6PRT, 0.5ROIT",46.857541899441344,20.236969191585462,716
Nurse,"ZeroBDT, 0.3PRT, 0.8ROIT",46.97186400937866,20.218330731732756,853
Secretary,"ZeroBDT, 0.6PRT, 0.8ROIT",47.109418282548475,21.10965873795315,722
Secretary,"ZeroBDT, 0.6PRT, 0.5ROIT",47.109418282548475,21.10965873795315,722
Secretary,"ZeroBDT, 0.3PRT, 0.5ROIT",47.506765067650676,20.09402813008801,813
Truck Driver,"ZeroBDT, 0.3PRT, 0.5ROIT",47.55911330049261,19.996983821937167,812
Teacher (K-12),"ZeroBDT, 0.3PRT, 0.5ROIT",47.584028605482715,20.632649763346855,839
Teacher (K-12),"ZeroBDT, -1.0PRT, 0.4ROIT",47.7823596792669,21.297226214357778,873
Teacher (K-12),"ZeroBDT, -0.3PRT, 0.4ROIT",47.83848797250859,21.088830982455235,873
Lawyer,"ZeroBDT, -0.3PRT, 0.5ROIT",48.62326574172892,24.24373240017009,937
Nurse,"ZeroBDT, 0.0PRT, 0.5ROIT",49.18181818181818,20.22138307427949,880
Police Officer,"ZeroBDT, -1.0PRT, 0.0ROIT",49.61171662125341,18.39205962029475,734
Police Officer,"ZeroBDT, -0.3PRT, 0.0ROIT",49.61171662125341,18.39205962029475,734
Teacher (K-12),"ZeroBDT, 0.3PRT, 0.8ROIT",49.71599045346062,22.425195063355368,838
Police Officer,"ZeroBDT, 0.3PRT, 0.0ROIT",49.83967391304348,18.68795244793403,736
Police Officer,"ZeroBDT, 0.0PRT, 0.0ROIT",49.83967391304348,18.68795244793403,736
Lawyer,"ZeroBDT, -1.0PRT, 0.5ROIT",50.44895833333333,25.010727603653685,960
Airline Pilot,"ZeroBDT, -0.3PRT, 0.8ROIT",50.46823770491803,23.357489665099564,976
Secretary,"ZeroBDT, -1.0PRT, 0.4ROIT",50.47552447552447,22.739865887901594,858
Secretary,"ZeroBDT, -0.3PRT, 0.4ROIT",50.484848484848484,22.745209993130988,858
Truck Driver,"ZeroBDT, -0.3PRT, 0.4ROIT",50.705128205128204,22.59161040044057,858
Truck Driver,"ZeroBDT, -1.0PRT, 0.4ROIT",50.723255813953486,22.653232836737395,860
Secretary,"ZeroBDT, 0.3PRT, 0.8ROIT",50.759603469640645,22.52297870108694,807
Police Officer,"ZeroBDT, 0.6PRT, 0.0ROIT",50.90586419753087,19.651809018673397,648
Truck Driver,"ZeroBDT, 0.3PRT, 0.8ROIT",51.13011152416357,22.508375565177502,807
Nurse,"ZeroBDT, -0.3PRT, 0.0ROIT",51.411337209302324,18.91775625060112,688
Nurse,"ZeroBDT, -1.0PRT, 0.0ROIT",51.411337209302324,18.91775625060112,688
Janitor,"ZeroBDT, 0.3PRT, 0.2ROIT",51.452411994784875,23.19099979148665,767
Janitor,"ZeroBDT, 0.0PRT, 0.2ROIT",51.46023468057366,23.195404952509676,767
Nurse,"ZeroBDT, 0.0PRT, 0.0ROIT",51.46086956521739,18.99329357916665,690
Nurse,"ZeroBDT, 0.3PRT, 0.0ROIT",51.46086956521739,18.99329357916665,690
Janitor,"ZeroBDT, -1.0PRT, 0.2ROIT",51.46363636363636,23.15003031390449,770
Janitor,"ZeroBDT, -0.3PRT, 0.2ROIT",51.46363636363636,23.15003031390449,770
Secretary,"ZeroBDT, 0.0PRT, 0.5ROIT",51.562724014336915,21.576778369804728,837
Janitor,"ZeroBDT, 0.6PRT, 0.2ROIT",51.68333333333333,23.232027914097188,720
Janitor,"ZeroBDT, 0.3PRT, 0.4ROIT",51.875761266747865,23.23410360448435,821
Nurse,"ZeroBDT, 0.6PRT, 0.0ROIT",51.87893864013267,19.785148400012435,603
Truck Driver,"ZeroBDT, 0.0PRT, 0.5ROIT",51.91486810551559,21.617457587598288,834
Janitor,"ZeroBDT, 0.0PRT, 0.4ROIT",51.9890377588307,23.208621751089787,821
Janitor,"ZeroBDT, 0.6PRT, 0.4ROIT",52.0546875,23.15419947281395,768
Janitor,"ZeroBDT, 0.6PRT, 0.8ROIT",52.53846153846154,23.472015874712074,767
Janitor,"ZeroBDT, 0.6PRT, 0.5ROIT",52.53846153846154,23.472015874712074,767
Teacher (K-12),"ZeroBDT, 0.0PRT, 0.5ROIT",52.71395881006865,21.707006847561644,874
Mechanic,"ZeroBDT, 0.3PRT, 0.2ROIT",53.42994505494506,25.389359380174,728
Janitor,"ZeroBDT, 0.3PRT, 0.5ROIT",53.458333333333336,23.964764096489848,816
Mechanic,"ZeroBDT, 0.0PRT, 0.2ROIT",53.46840659340659,25.440365670240563,728
Mechanic,"ZeroBDT, -0.3PRT, 0.2ROIT",53.46986301369863,25.403461441402083,730
Mechanic,"ZeroBDT, -1.0PRT, 0.2ROIT",53.46986301369863,25.403461441402083,730
Police Officer,"ZeroBDT, 0.0PRT, 0.8ROIT",53.48451327433628,22.470351653174465,904
Business Manager,"ZeroBDT, -0.3PRT, 0.5ROIT",53.51165254237288,23.822289032382,944
Mechanic,"ZeroBDT, 0.3PRT, 0.4ROIT",53.65850515463917,25.49678041322027,776
Teacher (K-12),"ZeroBDT, 0.0PRT, 0.0ROIT",53.6794682422452,20.811191395275294,677
Teacher (K-12),"ZeroBDT, 0.3PRT, 0.0ROIT",53.6794682422452,20.811191395275294,677
Engineer,"ZeroBDT, -0.3PRT, 0.5ROIT",53.746808510638296,23.00571166811113,940
Teacher (K-12),"ZeroBDT, -1.0PRT, 0.0ROIT",53.75699558173785,20.838007886337696,679
Teacher (K-12),"ZeroBDT, -0.3PRT, 0.0ROIT",53.75699558173785,20.838007886337696,679
Mechanic,"ZeroBDT, 0.0PRT, 0.4ROIT",53.821106821106824,25.608978115371464,777
Mechanic,"ZeroBDT, 0.6PRT, 0.4ROIT",53.95955369595537,26.113092754561954,717
Mechanic,"ZeroBDT, 0.6PRT, 0.2ROIT",54.09795321637427,26.47517241158749,684
Airline Pilot,"ZeroBDT, -1.0PRT, 0.8ROIT",54.14591836734694,25.41243319021338,980
Business Manager,"ZeroBDT, -1.0PRT, 0.5ROIT",54.304621848739494,24.01597916319572,952
Teacher (K-12),"ZeroBDT, 0.6PRT, 0.0ROIT",54.35924006908463,21.60374815557714,579
Mechanic,"ZeroBDT, 0.6PRT, 0.8ROIT",54.77762237762238,26.238019593905012,715
Mechanic,"ZeroBDT, 0.6PRT, 0.5ROIT",54.77762237762238,26.238019593905012,715
Engineer,"ZeroBDT, -1.0PRT, 0.5ROIT",54.78842105263158,23.88862621006032,950
Mechanic,"ZeroBDT, 0.3PRT, 0.5ROIT",55.373711340206185,25.78040325296716,776
Janitor,"ZeroBDT, 0.0PRT, 0.5ROIT",56.70802919708029,24.768450891616133,822
Nurse,"ZeroBDT, 0.0PRT, 0.8ROIT",57.17094972067039,24.018562096005272,895
Doctor,"ZeroBDT, -0.3PRT, 0.8ROIT",57.223232323232324,17.10774946230156,990
Janitor,"ZeroBDT, -1.0PRT, 0.4ROIT",57.27251461988304,27.65900389740532,855
Janitor,"ZeroBDT, -0.3PRT, 0.4ROIT",57.291228070175436,27.649158700172308,855
Mechanic,"ZeroBDT, 0.0PRT, 0.5ROIT",58.46871008939974,26.426440476583135,783
Janitor,"ZeroBDT, 0.3PRT, 0.8ROIT",58.49811320754717,26.238797469723977,795
Truck Driver,"ZeroBDT, -0.3PRT, 0.0ROIT",58.72712933753943,21.483664883654434,634
Truck Driver,"ZeroBDT, -1.0PRT, 0.0ROIT",58.72712933753943,21.483664883654434,634
Truck Driver,"ZeroBDT, 0.3PRT, 0.0ROIT",58.73659305993691,21.4919438612161,634
Truck Driver,"ZeroBDT, 0.0PRT, 0.0ROIT",58.73659305993691,21.4919438612161,634
Truck Driver,"ZeroBDT, 0.6PRT, 0.0ROIT",58.88539741219963,21.989429052916588,541
Mechanic,"ZeroBDT, -0.3PRT, 0.4ROIT",59.20634920634921,28.4282678755851,819
Mechanic,"ZeroBDT, -1.0PRT, 0.4ROIT",59.30365853658537,28.388448635013457,820
Secretary,"ZeroBDT, -1.0PRT, 0.0ROIT",59.5703125,22.102720639846545,640
Secretary,"ZeroBDT, -0.3PRT, 0.0ROIT",59.5703125,22.102720639846545,640
Secretary,"ZeroBDT, 0.0PRT, 0.0ROIT",59.5846394984326,22.155470688387428,638
Secretary,"ZeroBDT, 0.3PRT, 0.0ROIT",59.5846394984326,22.155470688387428,638
Secretary,"ZeroBDT, 0.6PRT, 0.0ROIT",60.13148148148148,22.71292427574002,540
Janitor,"ZeroBDT, 0.3PRT, 0.0ROIT",60.28935532233883,26.73496755420338,667
Janitor,"ZeroBDT, 0.0PRT, 0.0ROIT",60.28935532233883,26.73496755420338,667
Janitor,"ZeroBDT, -0.3PRT, 0.0ROIT",60.295081967213115,26.716744533408637,671
Janitor,"ZeroBDT, -1.0PRT, 0.0ROIT",60.295081967213115,26.716744533408637,671
Teacher (K-12),"ZeroBDT, 0.0PRT, 0.8ROIT",60.30171428571428,26.065187323187864,875
Janitor,"ZeroBDT, 0.6PRT, 0.0ROIT",60.39297658862876,26.95826697497927,598
Mechanic,"ZeroBDT, 0.3PRT, 0.8ROIT",60.42629482071713,30.364631567271772,753
Lawyer,"ZeroBDT, -0.3PRT, 0.8ROIT",60.80821917808219,39.86389153087875,949
Secretary,"ZeroBDT, 0.0PRT, 0.8ROIT",61.42560975609756,26.761107086536928,820
Truck Driver,"ZeroBDT, 0.0PRT, 0.8ROIT",61.829268292682926,27.481597740309155,820
Doctor,"ZeroBDT, -1.0PRT, 0.8ROIT",63.09969788519638,18.39878397951245,993
Mechanic,"ZeroBDT, -0.3PRT, 0.0ROIT",65.01510067114094,27.63796147409628,596
Mechanic,"ZeroBDT, -1.0PRT, 0.0ROIT",65.01510067114094,27.63796147409628,596
Mechanic,"ZeroBDT, 0.0PRT, 0.0ROIT",65.04915254237288,27.740293720781533,590
Mechanic,"ZeroBDT, 0.3PRT, 0.0ROIT",65.04915254237288,27.740293720781533,590
Mechanic,"ZeroBDT, 0.6PRT, 0.0ROIT",65.19924812030075,27.99606105261703,532
Police Officer,"ZeroBDT, -1.0PRT, 0.5ROIT",66.11777301927195,27.113770166758826,934
Police Officer,"ZeroBDT, -0.3PRT, 0.5ROIT",66.5505376344086,27.26053631900058,930
Lawyer,"ZeroBDT, -1.0PRT, 0.8ROIT",66.64555669050051,42.46918777414886,979
Engineer,"ZeroBDT, -0.3PRT, 0.8ROIT",70.32885211995864,38.36259696348068,967
Business Manager,"ZeroBDT, -0.3PRT, 0.8ROIT",70.652977412731,40.152262953835866,974
Mechanic,"ZeroBDT, 0.0PRT, 0.8ROIT",72.31640625,32.66854028705041,768
Janitor,"ZeroBDT, 0.0PRT, 0.8ROIT",72.92326732673267,35.89208737696116,808
Nurse,"ZeroBDT, -1.0PRT, 0.5ROIT",73.92257360959651,29.71148570652355,917
Engineer,"ZeroBDT, -1.0PRT, 0.8ROIT",73.9959349593496,39.79773356470082,984
Business Manager,"ZeroBDT, -1.0PRT, 0.8ROIT",74.46922300706358,41.59602267434909,991
Nurse,"ZeroBDT, -0.3PRT, 0.5ROIT",74.5158817086528,29.703948946580812,913
Truck Driver,"ZeroBDT, -1.0PRT, 0.5ROIT",74.8006833712984,32.10057810535206,878
Secretary,"ZeroBDT, -1.0PRT, 0.5ROIT",75.16761687571265,32.239761751715626,877
Truck Driver,"ZeroBDT, -0.3PRT, 0.5ROIT",75.5963511972634,32.5355286715991,877
Secretary,"ZeroBDT, -0.3PRT, 0.5ROIT",76.03078677309009,32.54807067974828,877
Teacher (K-12),"ZeroBDT, -0.3PRT, 0.5ROIT",79.12820512820512,32.38641305328324,897
Teacher (K-12),"ZeroBDT, -1.0PRT, 0.5ROIT",79.58536585365853,32.4841108060611,902
Janitor,"ZeroBDT, -1.0PRT, 0.5ROIT",83.52,36.55939163344726,850
Janitor,"ZeroBDT, -0.3PRT, 0.5ROIT",83.65724381625442,36.995143389039924,849
Mechanic,"ZeroBDT, -1.0PRT, 0.5ROIT",84.70609318996416,38.26349871146161,837
Mechanic,"ZeroBDT, -0.3PRT, 0.5ROIT",85.05515587529976,38.03797721330456,834
Police Officer,"ZeroBDT, -0.3PRT, 0.8ROIT",108.65123456790124,71.4048578640811,972
Police Officer,"ZeroBDT, -1.0PRT, 0.8ROIT",109.80714285714286,73.94697980490899,980
Truck Driver,"ZeroBDT, -1.0PRT, 0.8ROIT",138.42336683417085,85.66095464923012,796
Truck Driver,"ZeroBDT, -0.3PRT, 0.8ROIT",139.38888888888889,83.46146239105131,792
Secretary,"ZeroBDT, -0.3PRT, 0.8ROIT",139.92307692307693,84.96632062779726,793
Nurse,"ZeroBDT, -0.3PRT, 0.8ROIT",139.99683544303798,77.46680312621605,948
Secretary,"ZeroBDT, -1.0PRT, 0.8ROIT",140.04761904761904,88.41392180521635,798
Nurse,"ZeroBDT, -1.0PRT, 0.8ROIT",140.3473242392445,79.94471590105789,953
Mechanic,"ZeroBDT, -1.0PRT, 0.8ROIT",146.31436699857753,66.12816189903,703
Mechanic,"ZeroBDT, -0.3PRT, 0.8ROIT",150.7400568181818,68.28860425726252,704
Teacher (K-12),"ZeroBDT, -0.3PRT, 0.8ROIT",170.57110609480813,104.16957611475485,886
Janitor,"ZeroBDT, -0.3PRT, 0.8ROIT",174.22893081761006,118.08222135759726,795
Teacher (K-12),"ZeroBDT, -1.0PRT, 0.8ROIT",174.25589225589226,108.2839258749089,891
Janitor,"ZeroBDT, -1.0PRT, 0.8ROIT",177.4755944931164,119.3109250433611,799
professionName,mean,std,count_nonzero
Airline Pilot,38.80814576634512,16.02017925247181,22392
Doctor,40.39240616563616,14.700279608928486,22966
Business Manager,41.981602914389796,22.365993170688583,21960
Lawyer,42.3388043830043,21.497841020758088,21629
Engineer,42.93375091441112,21.892867666440495,21872
Police Officer,52.29955653044681,34.85578038326848,20971
Nurse,57.43453874538746,41.72614120382918,20325
Truck Driver,60.38662042146198,41.162477066688794,19029
Secretary,60.6190026742174,41.867342171494776,19071
Teacher (K-12),62.812443507080445,52.16808207178608,19914
Mechanic,67.77606799622244,41.640781512900816,18001
Janitor,68.27222683838804,54.334118818382244,19256
strategyName,mean,std,count_nonzero
"ZeroBDT, -0.3PRT, 0.2ROIT",41.94070241766988,18.499016132614194,10051
"ZeroBDT, -1.0PRT, 0.2ROIT",41.94070241766988,18.499016132614194,10051
"ZeroBDT, 0.0PRT, 0.2ROIT",41.95474932722017,18.547923445340913,10033
"ZeroBDT, 0.3PRT, 0.2ROIT",41.95691202872531,18.546337159787914,10026
"ZeroBDT, 0.3PRT, 0.4ROIT",41.995616171456405,18.634856383679104,10265
"ZeroBDT, 0.0PRT, 0.4ROIT",42.147118644067795,18.718601572382937,10325
"ZeroBDT, 0.6PRT, 0.4ROIT",42.26932773109244,19.1249847826061,9520
"ZeroBDT, 0.6PRT, 0.2ROIT",42.334945716435556,19.000051797357237,9303
"ZeroBDT, 0.6PRT, 0.5ROIT",42.9422268907563,19.39610989832577,9520
"ZeroBDT, 0.6PRT, 0.8ROIT",42.9422268907563,19.39610989832577,9520
"ZeroBDT, 0.3PRT, 0.5ROIT",43.37991097348558,19.300128616919704,10334
"ZeroBDT, -0.3PRT, 0.4ROIT",44.508730754787834,21.160465446441297,10652
"ZeroBDT, -1.0PRT, 0.4ROIT",44.55546202768425,21.143859001042145,10692
"ZeroBDT, 0.3PRT, 0.8ROIT",45.40182737169518,21.328472683831034,10288
"ZeroBDT, 0.0PRT, 0.5ROIT",46.66820929353985,20.64692690808772,10588
"ZeroBDT, -1.0PRT, 0.0ROIT",49.208930861606625,21.438734940866727,8577
"ZeroBDT, -0.3PRT, 0.0ROIT",49.208930861606625,21.438734940866727,8577
"ZeroBDT, 0.0PRT, 0.0ROIT",49.213926860614556,21.465988304327833,8559
"ZeroBDT, 0.3PRT, 0.0ROIT",49.213926860614556,21.465988304327833,8559
"ZeroBDT, 0.6PRT, 0.0ROIT",49.46829268292683,21.75205365640177,7790
"ZeroBDT, 0.0PRT, 0.8ROIT",53.70604317903271,26.168699143851395,10607
"ZeroBDT, -0.3PRT, 0.5ROIT",64.37904257262927,32.22548235988399,10946
"ZeroBDT, -1.0PRT, 0.5ROIT",64.52370572207084,32.03753860408164,11010
"ZeroBDT, -0.3PRT, 0.8ROIT",107.56365159128978,82.17553251709604,10746
"ZeroBDT, -1.0PRT, 0.8ROIT",109.78215174702683,82.85708055411543,10847
